deso,year,ekstand_h_procent
1780A0010,2011,9
1780A0010,2012,9
1780A0010,2013,9
1780A0010,2014,12
1780A0010,2015,10
1780A0010,2016,10
1780A0010,2017,12
1780A0010,2018,10
1780A0010,2019,9
1780A0010,2020,12
1780A0010,2021,12
1780A0010,2022,13
1780A0020,2011,5
1780A0020,2012,4
1780A0020,2013,4
1780A0020,2014,6
1780A0020,2015,5
1780A0020,2016,4
1780A0020,2017,7
1780A0020,2018,5
1780A0020,2019,5
1780A0020,2020,6
1780A0020,2021,6
1780A0020,2022,6
1780A0030,2011,7
1780A0030,2012,7
1780A0030,2013,7
1780A0030,2014,9
1780A0030,2015,11
1780A0030,2016,6
1780A0030,2017,9
1780A0030,2018,7
1780A0030,2019,9
1780A0030,2020,9
1780A0030,2021,10
1780A0030,2022,10
1780A0040,2011,4
1780A0040,2012,5
1780A0040,2013,5
1780A0040,2014,5
1780A0040,2015,8
1780A0040,2016,8
1780A0040,2017,9
1780A0040,2018,8
1780A0040,2019,7
1780A0040,2020,8
1780A0040,2021,8
1780A0040,2022,9
1780A0050,2011,5
1780A0050,2012,7
1780A0050,2013,6
1780A0050,2014,7
1780A0050,2015,8
1780A0050,2016,8
1780A0050,2017,10
1780A0050,2018,9
1780A0050,2019,8
1780A0050,2020,9
1780A0050,2021,8
1780A0050,2022,11
1780A0060,2011,4
1780A0060,2012,3
1780A0060,2013,4
1780A0060,2014,4
1780A0060,2015,4
1780A0060,2016,5
1780A0060,2017,7
1780A0060,2018,6
1780A0060,2019,5
1780A0060,2020,4
1780A0060,2021,7
1780A0060,2022,8
1780B2010,2011,1
1780B2010,2012,1
1780B2010,2013,2
1780B2010,2014,2
1780B2010,2015,1
1780B2010,2016,2
1780B2010,2017,2
1780B2010,2018,3
1780B2010,2019,1
1780B2010,2020,3
1780B2010,2021,1
1780B2010,2022,3
1780B2020,2011,1
1780B2020,2012,2
1780B2020,2013,1
1780B2020,2014,2
1780B2020,2015,2
1780B2020,2016,3
1780B2020,2017,2
1780B2020,2018,2
1780B2020,2019,2
1780B2020,2020,2
1780B2020,2021,2
1780B2020,2022,3
1780B3010,2011,3
1780B3010,2012,2
1780B3010,2013,2
1780B3010,2014,3
1780B3010,2015,3
1780B3010,2016,3
1780B3010,2017,2
1780B3010,2018,3
1780B3010,2019,3
1780B3010,2020,4
1780B3010,2021,4
1780B3010,2022,2
1780B4010,2011,3
1780B4010,2012,3
1780B4010,2013,2
1780B4010,2014,3
1780B4010,2015,3
1780B4010,2016,2
1780B4010,2017,3
1780B4010,2018,2
1780B4010,2019,2
1780B4010,2020,2
1780B4010,2021,3
1780B4010,2022,4
1780C1010,2011,9
1780C1010,2012,8
1780C1010,2013,9
1780C1010,2014,10
1780C1010,2015,10
1780C1010,2016,12
1780C1010,2017,11
1780C1010,2018,13
1780C1010,2019,11
1780C1010,2020,10
1780C1010,2021,12
1780C1010,2022,11
1780C1020,2011,2
1780C1020,2012,3
1780C1020,2013,2
1780C1020,2014,3
1780C1020,2015,3
1780C1020,2016,3
1780C1020,2017,3
1780C1020,2018,4
1780C1020,2019,2
1780C1020,2020,3
1780C1020,2021,2
1780C1020,2022,2
1780C1030,2011,10
1780C1030,2012,10
1780C1030,2013,11
1780C1030,2014,11
1780C1030,2015,11
1780C1030,2016,11
1780C1030,2017,10
1780C1030,2018,11
1780C1030,2019,10
1780C1030,2020,7
1780C1030,2021,11
1780C1030,2022,11
1780C1040,2011,10
1780C1040,2012,9
1780C1040,2013,12
1780C1040,2014,11
1780C1040,2015,11
1780C1040,2016,10
1780C1040,2017,13
1780C1040,2018,10
1780C1040,2019,10
1780C1040,2020,9
1780C1040,2021,10
1780C1040,2022,9
1780C1050,2011,12
1780C1050,2012,9
1780C1050,2013,9
1780C1050,2014,9
1780C1050,2015,8
1780C1050,2016,9
1780C1050,2017,9
1780C1050,2018,6
1780C1050,2019,6
1780C1050,2020,9
1780C1050,2021,8
1780C1050,2022,8
1780C1060,2011,5
1780C1060,2012,5
1780C1060,2013,5
1780C1060,2014,5
1780C1060,2015,7
1780C1060,2016,4
1780C1060,2017,6
1780C1060,2018,4
1780C1060,2019,4
1780C1060,2020,4
1780C1060,2021,5
1780C1060,2022,5
1780C1070,2011,11
1780C1070,2012,11
1780C1070,2013,10
1780C1070,2014,12
1780C1070,2015,13
1780C1070,2016,11
1780C1070,2017,13
1780C1070,2018,11
1780C1070,2019,13
1780C1070,2020,13
1780C1070,2021,13
1780C1070,2022,14
1780C1080,2011,5
1780C1080,2012,4
1780C1080,2013,4
1780C1080,2014,4
1780C1080,2015,5
1780C1080,2016,5
1780C1080,2017,6
1780C1080,2018,5
1780C1080,2019,4
1780C1080,2020,4
1780C1080,2021,5
1780C1080,2022,4
1780C1090,2011,6
1780C1090,2012,7
1780C1090,2013,6
1780C1090,2014,7
1780C1090,2015,6
1780C1090,2016,7
1780C1090,2017,7
1780C1090,2018,6
1780C1090,2019,5
1780C1090,2020,5
1780C1090,2021,5
1780C1090,2022,5
1780C1100,2011,3
1780C1100,2012,3
1780C1100,2013,3
1780C1100,2014,4
1780C1100,2015,5
1780C1100,2016,4
1780C1100,2017,4
1780C1100,2018,3
1780C1100,2019,3
1780C1100,2020,3
1780C1100,2021,3
1780C1100,2022,3
1780C1110,2011,1
1780C1110,2012,0
1780C1110,2013,1
1780C1110,2014,1
1780C1110,2015,1
1780C1110,2016,1
1780C1110,2017,2
1780C1110,2018,0
1780C1110,2019,1
1780C1110,2020,1
1780C1110,2021,2
1780C1110,2022,1
1780C1120,2011,8
1780C1120,2012,9
1780C1120,2013,14
1780C1120,2014,12
1780C1120,2015,13
1780C1120,2016,13
1780C1120,2017,12
1780C1120,2018,12
1780C1120,2019,11
1780C1120,2020,12
1780C1120,2021,10
1780C1120,2022,8
1780C1130,2011,6
1780C1130,2012,6
1780C1130,2013,7
1780C1130,2014,7
1780C1130,2015,8
1780C1130,2016,8
1780C1130,2017,6
1780C1130,2018,6
1780C1130,2019,6
1780C1130,2020,4
1780C1130,2021,6
1780C1130,2022,5
1780C1140,2011,8
1780C1140,2012,8
1780C1140,2013,7
1780C1140,2014,8
1780C1140,2015,9
1780C1140,2016,7
1780C1140,2017,8
1780C1140,2018,7
1780C1140,2019,7
1780C1140,2020,6
1780C1140,2021,8
1780C1140,2022,8
1780C1150,2011,3
1780C1150,2012,2
1780C1150,2013,3
1780C1150,2014,3
1780C1150,2015,5
1780C1150,2016,7
1780C1150,2017,4
1780C1150,2018,4
1780C1150,2019,2
1780C1150,2020,2
1780C1150,2021,3
1780C1150,2022,2
1780C1160,2011,1
1780C1160,2012,1
1780C1160,2013,1
1780C1160,2014,1
1780C1160,2015,2
1780C1160,2016,2
1780C1160,2017,2
1780C1160,2018,2
1780C1160,2019,2
1780C1160,2020,1
1780C1160,2021,1
1780C1160,2022,1
1780C1170,2011,6
1780C1170,2012,7
1780C1170,2013,6
1780C1170,2014,7
1780C1170,2015,7
1780C1170,2016,6
1780C1170,2017,7
1780C1170,2018,5
1780C1170,2019,8
1780C1170,2020,8
1780C1170,2021,10
1780C1170,2022,8
1780C1180,2011,1
1780C1180,2012,0
1780C1180,2013,0
1780C1180,2014,1
1780C1180,2015,1
1780C1180,2016,1
1780C1180,2017,1
1780C1180,2018,0
1780C1180,2019,0
1780C1180,2020,1
1780C1180,2021,0
1780C1180,2022,1
1780C1190,2011,10
1780C1190,2012,8
1780C1190,2013,8
1780C1190,2014,9
1780C1190,2015,9
1780C1190,2016,8
1780C1190,2017,10
1780C1190,2018,9
1780C1190,2019,10
1780C1190,2020,9
1780C1190,2021,9
1780C1190,2022,8
1780C1200,2011,4
1780C1200,2012,4
1780C1200,2013,5
1780C1200,2014,5
1780C1200,2015,5
1780C1200,2016,7
1780C1200,2017,6
1780C1200,2018,5
1780C1200,2019,4
1780C1200,2020,6
1780C1200,2021,7
1780C1200,2022,7
1780C1210,2011,10
1780C1210,2012,10
1780C1210,2013,9
1780C1210,2014,12
1780C1210,2015,10
1780C1210,2016,11
1780C1210,2017,11
1780C1210,2018,11
1780C1210,2019,14
1780C1210,2020,12
1780C1210,2021,12
1780C1210,2022,11
1780C1220,2011,3
1780C1220,2012,4
1780C1220,2013,4
1780C1220,2014,5
1780C1220,2015,5
1780C1220,2016,3
1780C1220,2017,6
1780C1220,2018,4
1780C1220,2019,4
1780C1220,2020,3
1780C1220,2021,3
1780C1220,2022,3
1780C1230,2011,11
1780C1230,2012,11
1780C1230,2013,13
1780C1230,2014,15
1780C1230,2015,13
1780C1230,2016,13
1780C1230,2017,15
1780C1230,2018,14
1780C1230,2019,13
1780C1230,2020,11
1780C1230,2021,9
1780C1230,2022,10
1780C1240,2011,6
1780C1240,2012,6
1780C1240,2013,8
1780C1240,2014,8
1780C1240,2015,10
1780C1240,2016,7
1780C1240,2017,10
1780C1240,2018,9
1780C1240,2019,8
1780C1240,2020,11
1780C1240,2021,9
1780C1240,2022,9
1780C1250,2011,0
1780C1250,2012,0
1780C1250,2013,1
1780C1250,2014,0
1780C1250,2015,0
1780C1250,2016,0
1780C1250,2017,0
1780C1250,2018,0
1780C1250,2019,0
1780C1250,2020,0
1780C1250,2021,0
1780C1250,2022,0
1780C1260,2011,9
1780C1260,2012,9
1780C1260,2013,9
1780C1260,2014,10
1780C1260,2015,12
1780C1260,2016,11
1780C1260,2017,12
1780C1260,2018,12
1780C1260,2019,9
1780C1260,2020,11
1780C1260,2021,10
1780C1260,2022,10
1780C1270,2011,1
1780C1270,2012,1
1780C1270,2013,1
1780C1270,2014,1
1780C1270,2015,1
1780C1270,2016,1
1780C1270,2017,1
1780C1270,2018,3
1780C1270,2019,1
1780C1270,2020,1
1780C1270,2021,1
1780C1270,2022,1
1780C1280,2011,6
1780C1280,2012,7
1780C1280,2013,3
1780C1280,2014,6
1780C1280,2015,4
1780C1280,2016,4
1780C1280,2017,5
1780C1280,2018,7
1780C1280,2019,5
1780C1280,2020,6
1780C1280,2021,6
1780C1280,2022,6
1780C1290,2011,5
1780C1290,2012,6
1780C1290,2013,5
1780C1290,2014,8
1780C1290,2015,9
1780C1290,2016,8
1780C1290,2017,8
1780C1290,2018,7
1780C1290,2019,6
1780C1290,2020,7
1780C1290,2021,7
1780C1290,2022,7
1780C1300,2011,0
1780C1300,2012,0
1780C1300,2013,0
1780C1300,2014,0
1780C1300,2015,0
1780C1300,2016,0
1780C1300,2017,0
1780C1300,2018,0
1780C1300,2019,0
1780C1300,2020,0
1780C1300,2021,0
1780C1300,2022,0
1780C1310,2011,6
1780C1310,2012,6
1780C1310,2013,6
1780C1310,2014,7
1780C1310,2015,7
1780C1310,2016,8
1780C1310,2017,6
1780C1310,2018,8
1780C1310,2019,6
1780C1310,2020,7
1780C1310,2021,7
1780C1310,2022,7
1780C1320,2011,6
1780C1320,2012,7
1780C1320,2013,5
1780C1320,2014,6
1780C1320,2015,4
1780C1320,2016,3
1780C1320,2017,4
1780C1320,2018,4
1780C1320,2019,3
1780C1320,2020,3
1780C1320,2021,3
1780C1320,2022,2
1780C1330,2011,1
1780C1330,2012,1
1780C1330,2013,1
1780C1330,2014,1
1780C1330,2015,1
1780C1330,2016,1
1780C1330,2017,2
1780C1330,2018,1
1780C1330,2019,0
1780C1330,2020,0
1780C1330,2021,1
1780C1330,2022,1
1780C1340,2011,0
1780C1340,2012,1
1780C1340,2013,1
1780C1340,2014,1
1780C1340,2015,0
1780C1340,2016,0
1780C1340,2017,0
1780C1340,2018,0
1780C1340,2019,1
1780C1340,2020,0
1780C1340,2021,1
1780C1340,2022,0
1780C1350,2011,8
1780C1350,2012,9
1780C1350,2013,8
1780C1350,2014,9
1780C1350,2015,9
1780C1350,2016,10
1780C1350,2017,11
1780C1350,2018,11
1780C1350,2019,9
1780C1350,2020,8
1780C1350,2021,8
1780C1350,2022,9
1780C1360,2011,2
1780C1360,2012,2
1780C1360,2013,4
1780C1360,2014,3
1780C1360,2015,5
1780C1360,2016,6
1780C1360,2017,5
1780C1360,2018,6
1780C1360,2019,6
1780C1360,2020,6
1780C1360,2021,6
1780C1360,2022,5
1780C1370,2011,2
1780C1370,2012,2
1780C1370,2013,2
1780C1370,2014,2
1780C1370,2015,2
1780C1370,2016,2
1780C1370,2017,2
1780C1370,2018,3
1780C1370,2019,3
1780C1370,2020,2
1780C1370,2021,3
1780C1370,2022,2
1780C1380,2011,7
1780C1380,2012,7
1780C1380,2013,8
1780C1380,2014,7
1780C1380,2015,9
1780C1380,2016,9
1780C1380,2017,8
1780C1380,2018,9
1780C1380,2019,8
1780C1380,2020,7
1780C1380,2021,7
1780C1380,2022,7
1780C1390,2011,8
1780C1390,2012,10
1780C1390,2013,9
1780C1390,2014,10
1780C1390,2015,10
1780C1390,2016,11
1780C1390,2017,9
1780C1390,2018,9
1780C1390,2019,9
1780C1390,2020,8
1780C1390,2021,8
1780C1390,2022,10
1780C1400,2011,5
1780C1400,2012,6
1780C1400,2013,4
1780C1400,2014,5
1780C1400,2015,8
1780C1400,2016,6
1780C1400,2017,5
1780C1400,2018,6
1780C1400,2019,6
1780C1400,2020,6
1780C1400,2021,5
1780C1400,2022,6
1780C1410,2011,3
1780C1410,2012,4
1780C1410,2013,5
1780C1410,2014,5
1780C1410,2015,5
1780C1410,2016,3
1780C1410,2017,5
1780C1410,2018,4
1780C1410,2019,5
1780C1410,2020,5
1780C1410,2021,5
1780C1410,2022,6
1780C1420,2011,5
1780C1420,2012,6
1780C1420,2013,6
1780C1420,2014,6
1780C1420,2015,6
1780C1420,2016,5
1780C1420,2017,6
1780C1420,2018,6
1780C1420,2019,5
1780C1420,2020,7
1780C1420,2021,5
1780C1420,2022,5
1780C1430,2011,7
1780C1430,2012,8
1780C1430,2013,7
1780C1430,2014,7
1780C1430,2015,8
1780C1430,2016,7
1780C1430,2017,10
1780C1430,2018,8
1780C1430,2019,8
1780C1430,2020,10
1780C1430,2021,9
1780C1430,2022,8
